ISA,Model Name,Issue Width,MicroOp Buffer Size,Loop MicroOp Buffer Size,Load Latency,High Latency,Mispredict Penalty,Post RA Scheduler,Is Complete
X86,AlderlakePModel,6,512,72,5,-1,14,0,0
X86,AtomModel,2,0,10,3,30,-1,1,0
X86,BdVer2Model,4,128,-1,4,25,20,1,0
X86,BroadwellModel,4,192,50,5,-1,16,0,0
X86,BtVer2Model,2,64,-1,5,25,14,1,0
X86,C864GM4Model,4,224,96,4,25,16,1,1
X86,C864GM7Model,4,256,96,4,25,16,1,1
X86,C864GM8Model,6,256,96,4,25,16,1,1
X86,GenericModel,4,32,-1,4,10,-1,0,0
X86,GenericPostRAModel,4,32,-1,4,10,-1,1,0
X86,HaswellModel,4,192,50,5,-1,16,0,0
X86,IceLakeModel,6,352,50,5,-1,14,0,0
X86,LunarlakePModel,8,792,200,4,-1,14,0,0
X86,NoSchedModel,-1,-1,-1,-1,-1,-1,0,0
X86,SLMModel,2,32,10,3,-1,10,1,0
X86,SandyBridgeModel,4,168,28,5,-1,16,0,0
X86,SapphireRapidsModel,6,512,72,5,-1,14,0,0
X86,SkylakeClientModel,6,224,50,5,-1,14,0,0
X86,SkylakeServerModel,6,224,50,5,-1,14,0,0
X86,Znver1Model,4,192,-1,4,25,17,1,0
X86,Znver2Model,4,224,-1,4,25,17,1,0
X86,Znver3Model,6,256,96,4,25,13,1,1
X86,Znver4Model,6,320,108,4,13,13,1,1
AArch64,A64FXModel,6,180,128,5,-1,12,1,1
AArch64,Ampere1BModel,12,208,32,3,-1,10,0,1
AArch64,Ampere1Model,4,192,32,4,-1,10,0,0
AArch64,C1NanoModel,3,0,-1,3,-1,-1,1,1
AArch64,C1PremiumModel,10,320,16,4,-1,10,0,1
AArch64,C1UltraModel,10,320,16,4,-1,10,0,1
AArch64,CortexA320Model,1,0,-1,5,-1,-1,1,0
AArch64,CortexA510Model,3,0,-1,3,-1,-1,1,0
AArch64,CortexA53Model,2,0,-1,3,-1,9,0,1
AArch64,CortexA55Model,2,0,-1,4,-1,8,1,0
AArch64,CortexA57Model,3,128,16,4,-1,14,0,1
AArch64,CycloneModel,6,192,-1,4,-1,16,0,1
AArch64,ExynosM3Model,6,228,40,4,-1,16,0,1
AArch64,ExynosM4Model,6,228,48,4,-1,16,0,1
AArch64,ExynosM5Model,6,228,60,4,-1,15,0,1
AArch64,FalkorModel,8,128,16,3,-1,11,0,1
AArch64,KryoModel,5,128,16,4,-1,14,0,1
AArch64,NeoverseN1Model,3,128,16,4,-1,11,0,1
AArch64,NeoverseN2Model,5,160,16,4,-1,10,0,1
AArch64,NeoverseN3Model,5,160,16,4,-1,10,0,1
AArch64,NeoverseV1Model,8,256,16,4,-1,11,0,1
AArch64,NeoverseV2Model,6,320,16,4,-1,10,0,1
AArch64,NeoverseV3AEModel,10,320,16,4,-1,10,0,1
AArch64,NeoverseV3Model,10,320,16,4,-1,10,0,1
AArch64,NoSchedModel,-1,-1,-1,-1,-1,-1,0,0
AArch64,OlympusModel,10,320,16,4,-1,10,0,1
AArch64,OryonModel,14,376,16,4,-1,13,1,1
AArch64,TSV110Model,4,128,16,4,-1,14,0,1
AArch64,ThunderX2T99Model,4,180,128,4,-1,12,1,1
AArch64,ThunderX3T110Model,4,70,128,4,-1,12,1,1
AArch64,ThunderXT8XModel,2,0,-1,3,-1,8,1,1
RISC-V,Andes45Model,2,0,-1,2,-1,5,0,0
RISC-V,GenericOOOModel,6,192,-1,4,-1,8,0,0
RISC-V,MIPSP8700Model,4,96,-1,4,-1,8,0,0
RISC-V,NoSchedModel,-1,-1,-1,-1,-1,-1,0,0
RISC-V,RocketModel,1,0,-1,3,-1,3,0,0
RISC-V,SiFive7VLEN1024X300Model,2,0,-1,3,-1,3,0,0
RISC-V,SiFive7VLEN128X100Model,2,0,-1,3,-1,3,0,0
RISC-V,SiFive7VLEN512Model,2,0,-1,3,-1,3,0,0
RISC-V,SiFiveP400Model,3,96,-1,4,-1,9,0,0
RISC-V,SiFiveP500Model,3,96,-1,4,-1,9,0,0
RISC-V,SiFiveP600Model,4,192,-1,4,-1,9,0,0
RISC-V,SiFiveP800Model,6,288,-1,4,-1,9,0,0
RISC-V,SpacemitX100Model,4,192,-1,3,-1,9,0,0
RISC-V,SpacemitX60Model,2,0,-1,3,-1,9,0,0
RISC-V,SyntacoreSCR1Model,1,0,-1,2,-1,3,0,0
RISC-V,SyntacoreSCR3RV32Model,1,0,-1,2,-1,3,0,0
RISC-V,SyntacoreSCR3RV64Model,1,0,-1,2,-1,3,0,0
RISC-V,SyntacoreSCR4RV32Model,1,0,-1,2,-1,3,0,0
RISC-V,SyntacoreSCR4RV64Model,1,0,-1,2,-1,3,0,0
RISC-V,SyntacoreSCR5RV32Model,1,0,-1,3,-1,3,0,0
RISC-V,SyntacoreSCR5RV64Model,1,0,-1,3,-1,3,0,0
RISC-V,SyntacoreSCR7Model,2,36,-1,3,-1,9,0,0
RISC-V,TTAscalonXModel,8,256,-1,4,-1,14,0,0
RISC-V,XiangShanNanHuModel,6,256,48,4,-1,11,0,0
