ISA,Model Name,Nearest Model,Distance,Used Features
AArch64,C1PremiumModel,C1UltraModel,0.0,"Issue Width, MicroOp Buffer Size, Loop MicroOp Buffer Size, Load Latency, Mispredict Penalty, Post RA Scheduler, Is Complete"
AArch64,C1UltraModel,C1PremiumModel,0.0,"Issue Width, MicroOp Buffer Size, Loop MicroOp Buffer Size, Load Latency, Mispredict Penalty, Post RA Scheduler, Is Complete"
AArch64,NeoverseN2Model,NeoverseN3Model,0.0,"Issue Width, MicroOp Buffer Size, Loop MicroOp Buffer Size, Load Latency, Mispredict Penalty, Post RA Scheduler, Is Complete"
AArch64,NeoverseN3Model,NeoverseN2Model,0.0,"Issue Width, MicroOp Buffer Size, Loop MicroOp Buffer Size, Load Latency, Mispredict Penalty, Post RA Scheduler, Is Complete"
AArch64,NeoverseV3AEModel,C1PremiumModel,0.0,"Issue Width, MicroOp Buffer Size, Loop MicroOp Buffer Size, Load Latency, Mispredict Penalty, Post RA Scheduler, Is Complete"
AArch64,NeoverseV3Model,C1PremiumModel,0.0,"Issue Width, MicroOp Buffer Size, Loop MicroOp Buffer Size, Load Latency, Mispredict Penalty, Post RA Scheduler, Is Complete"
AArch64,OlympusModel,C1PremiumModel,0.0,"Issue Width, MicroOp Buffer Size, Loop MicroOp Buffer Size, Load Latency, Mispredict Penalty, Post RA Scheduler, Is Complete"
AArch64,ExynosM3Model,ExynosM4Model,0.0714,"Issue Width, MicroOp Buffer Size, Loop MicroOp Buffer Size, Load Latency, Mispredict Penalty, Post RA Scheduler, Is Complete"
AArch64,ExynosM4Model,ExynosM3Model,0.0714,"Issue Width, MicroOp Buffer Size, Loop MicroOp Buffer Size, Load Latency, Mispredict Penalty, Post RA Scheduler, Is Complete"
AArch64,CortexA57Model,TSV110Model,0.1154,"Issue Width, MicroOp Buffer Size, Loop MicroOp Buffer Size, Load Latency, Mispredict Penalty, Post RA Scheduler, Is Complete"
AArch64,KryoModel,TSV110Model,0.1154,"Issue Width, MicroOp Buffer Size, Loop MicroOp Buffer Size, Load Latency, Mispredict Penalty, Post RA Scheduler, Is Complete"
AArch64,TSV110Model,CortexA57Model,0.1154,"Issue Width, MicroOp Buffer Size, Loop MicroOp Buffer Size, Load Latency, Mispredict Penalty, Post RA Scheduler, Is Complete"
AArch64,ExynosM5Model,ExynosM4Model,0.1843,"Issue Width, MicroOp Buffer Size, Loop MicroOp Buffer Size, Load Latency, Mispredict Penalty, Post RA Scheduler, Is Complete"
AArch64,CycloneModel,ExynosM3Model,0.258,"Issue Width, MicroOp Buffer Size, Loop MicroOp Buffer Size, Load Latency, Mispredict Penalty, Post RA Scheduler, Is Complete"
AArch64,Ampere1Model,NoSchedModel,0.2741,"Issue Width, MicroOp Buffer Size, Loop MicroOp Buffer Size, Load Latency, Mispredict Penalty, Post RA Scheduler, Is Complete"
AArch64,NoSchedModel,Ampere1Model,0.2741,"Issue Width, MicroOp Buffer Size, Loop MicroOp Buffer Size, Load Latency, Mispredict Penalty, Post RA Scheduler, Is Complete"
AArch64,C1NanoModel,CortexA510Model,0.3,"Issue Width, MicroOp Buffer Size, Loop MicroOp Buffer Size, Load Latency, Mispredict Penalty, Post RA Scheduler, Is Complete"
AArch64,CortexA510Model,C1NanoModel,0.3,"Issue Width, MicroOp Buffer Size, Loop MicroOp Buffer Size, Load Latency, Mispredict Penalty, Post RA Scheduler, Is Complete"
AArch64,NeoverseN1Model,NeoverseN2Model,0.3034,"Issue Width, MicroOp Buffer Size, Loop MicroOp Buffer Size, Load Latency, Mispredict Penalty, Post RA Scheduler, Is Complete"
AArch64,CortexA53Model,ThunderXT8XModel,0.3354,"Issue Width, MicroOp Buffer Size, Loop MicroOp Buffer Size, Load Latency, Mispredict Penalty, Post RA Scheduler, Is Complete"
AArch64,ThunderXT8XModel,CortexA53Model,0.3354,"Issue Width, MicroOp Buffer Size, Loop MicroOp Buffer Size, Load Latency, Mispredict Penalty, Post RA Scheduler, Is Complete"
AArch64,NeoverseV1Model,C1PremiumModel,0.3754,"Issue Width, MicroOp Buffer Size, Loop MicroOp Buffer Size, Load Latency, Mispredict Penalty, Post RA Scheduler, Is Complete"
AArch64,NeoverseV2Model,NeoverseV1Model,0.3754,"Issue Width, MicroOp Buffer Size, Loop MicroOp Buffer Size, Load Latency, Mispredict Penalty, Post RA Scheduler, Is Complete"
AArch64,ThunderX2T99Model,ThunderX3T110Model,0.4388,"Issue Width, MicroOp Buffer Size, Loop MicroOp Buffer Size, Load Latency, Mispredict Penalty, Post RA Scheduler, Is Complete"
AArch64,ThunderX3T110Model,ThunderX2T99Model,0.4388,"Issue Width, MicroOp Buffer Size, Loop MicroOp Buffer Size, Load Latency, Mispredict Penalty, Post RA Scheduler, Is Complete"
AArch64,Ampere1BModel,FalkorModel,0.5981,"Issue Width, MicroOp Buffer Size, Loop MicroOp Buffer Size, Load Latency, Mispredict Penalty, Post RA Scheduler, Is Complete"
AArch64,FalkorModel,Ampere1BModel,0.5981,"Issue Width, MicroOp Buffer Size, Loop MicroOp Buffer Size, Load Latency, Mispredict Penalty, Post RA Scheduler, Is Complete"
AArch64,A64FXModel,ThunderX2T99Model,0.6428,"Issue Width, MicroOp Buffer Size, Loop MicroOp Buffer Size, Load Latency, Mispredict Penalty, Post RA Scheduler, Is Complete"
AArch64,CortexA55Model,ThunderXT8XModel,0.6708,"Issue Width, MicroOp Buffer Size, Loop MicroOp Buffer Size, Load Latency, Mispredict Penalty, Post RA Scheduler, Is Complete"
AArch64,OryonModel,C1PremiumModel,0.7453,"Issue Width, MicroOp Buffer Size, Loop MicroOp Buffer Size, Load Latency, Mispredict Penalty, Post RA Scheduler, Is Complete"
AArch64,CortexA320Model,CortexA55Model,0.7588,"Issue Width, MicroOp Buffer Size, Loop MicroOp Buffer Size, Load Latency, Mispredict Penalty, Post RA Scheduler, Is Complete"
RISC-V,RocketModel,SyntacoreSCR5RV32Model,0.0,"Issue Width, MicroOp Buffer Size, Load Latency, Mispredict Penalty"
RISC-V,SiFive7VLEN1024X300Model,SiFive7VLEN128X100Model,0.0,"Issue Width, MicroOp Buffer Size, Load Latency, Mispredict Penalty"
RISC-V,SiFive7VLEN128X100Model,SiFive7VLEN1024X300Model,0.0,"Issue Width, MicroOp Buffer Size, Load Latency, Mispredict Penalty"
RISC-V,SiFive7VLEN512Model,SiFive7VLEN1024X300Model,0.0,"Issue Width, MicroOp Buffer Size, Load Latency, Mispredict Penalty"
RISC-V,SiFiveP400Model,SiFiveP500Model,0.0,"Issue Width, MicroOp Buffer Size, Load Latency, Mispredict Penalty"
RISC-V,SiFiveP500Model,SiFiveP400Model,0.0,"Issue Width, MicroOp Buffer Size, Load Latency, Mispredict Penalty"
RISC-V,SyntacoreSCR1Model,SyntacoreSCR3RV32Model,0.0,"Issue Width, MicroOp Buffer Size, Load Latency, Mispredict Penalty"
RISC-V,SyntacoreSCR3RV32Model,SyntacoreSCR1Model,0.0,"Issue Width, MicroOp Buffer Size, Load Latency, Mispredict Penalty"
RISC-V,SyntacoreSCR3RV64Model,SyntacoreSCR1Model,0.0,"Issue Width, MicroOp Buffer Size, Load Latency, Mispredict Penalty"
RISC-V,SyntacoreSCR4RV32Model,SyntacoreSCR1Model,0.0,"Issue Width, MicroOp Buffer Size, Load Latency, Mispredict Penalty"
RISC-V,SyntacoreSCR4RV64Model,SyntacoreSCR1Model,0.0,"Issue Width, MicroOp Buffer Size, Load Latency, Mispredict Penalty"
RISC-V,SyntacoreSCR5RV32Model,RocketModel,0.0,"Issue Width, MicroOp Buffer Size, Load Latency, Mispredict Penalty"
RISC-V,SyntacoreSCR5RV64Model,RocketModel,0.0,"Issue Width, MicroOp Buffer Size, Load Latency, Mispredict Penalty"
RISC-V,SpacemitX60Model,SyntacoreSCR7Model,0.1875,"Issue Width, MicroOp Buffer Size, Load Latency, Mispredict Penalty"
RISC-V,SyntacoreSCR7Model,SpacemitX60Model,0.1875,"Issue Width, MicroOp Buffer Size, Load Latency, Mispredict Penalty"
RISC-V,NoSchedModel,SiFive7VLEN1024X300Model,0.2182,"Issue Width, MicroOp Buffer Size, Load Latency, Mispredict Penalty"
RISC-V,MIPSP8700Model,SiFiveP400Model,0.2405,"Issue Width, MicroOp Buffer Size, Load Latency, Mispredict Penalty"
RISC-V,SiFiveP800Model,XiangShanNanHuModel,0.2746,"Issue Width, MicroOp Buffer Size, Load Latency, Mispredict Penalty"
RISC-V,XiangShanNanHuModel,SiFiveP800Model,0.2746,"Issue Width, MicroOp Buffer Size, Load Latency, Mispredict Penalty"
RISC-V,Andes45Model,SyntacoreSCR1Model,0.3058,"Issue Width, MicroOp Buffer Size, Load Latency, Mispredict Penalty"
RISC-V,GenericOOOModel,SiFiveP600Model,0.4422,"Issue Width, MicroOp Buffer Size, Load Latency, Mispredict Penalty"
RISC-V,SiFiveP600Model,GenericOOOModel,0.4422,"Issue Width, MicroOp Buffer Size, Load Latency, Mispredict Penalty"
RISC-V,TTAscalonXModel,XiangShanNanHuModel,0.5392,"Issue Width, MicroOp Buffer Size, Load Latency, Mispredict Penalty"
RISC-V,SpacemitX100Model,SiFiveP600Model,0.6,"Issue Width, MicroOp Buffer Size, Load Latency, Mispredict Penalty"
X86,AlderlakePModel,SapphireRapidsModel,0.0,"Issue Width, MicroOp Buffer Size, Loop MicroOp Buffer Size, Load Latency, High Latency, Mispredict Penalty, Post RA Scheduler, Is Complete"
X86,BroadwellModel,HaswellModel,0.0,"Issue Width, MicroOp Buffer Size, Loop MicroOp Buffer Size, Load Latency, High Latency, Mispredict Penalty, Post RA Scheduler, Is Complete"
X86,HaswellModel,BroadwellModel,0.0,"Issue Width, MicroOp Buffer Size, Loop MicroOp Buffer Size, Load Latency, High Latency, Mispredict Penalty, Post RA Scheduler, Is Complete"
X86,SapphireRapidsModel,AlderlakePModel,0.0,"Issue Width, MicroOp Buffer Size, Loop MicroOp Buffer Size, Load Latency, High Latency, Mispredict Penalty, Post RA Scheduler, Is Complete"
X86,SkylakeClientModel,SkylakeServerModel,0.0,"Issue Width, MicroOp Buffer Size, Loop MicroOp Buffer Size, Load Latency, High Latency, Mispredict Penalty, Post RA Scheduler, Is Complete"
X86,SkylakeServerModel,SkylakeClientModel,0.0,"Issue Width, MicroOp Buffer Size, Loop MicroOp Buffer Size, Load Latency, High Latency, Mispredict Penalty, Post RA Scheduler, Is Complete"
X86,C864GM4Model,C864GM7Model,0.0606,"Issue Width, MicroOp Buffer Size, Loop MicroOp Buffer Size, Load Latency, High Latency, Mispredict Penalty, Post RA Scheduler, Is Complete"
X86,C864GM7Model,C864GM4Model,0.0606,"Issue Width, MicroOp Buffer Size, Loop MicroOp Buffer Size, Load Latency, High Latency, Mispredict Penalty, Post RA Scheduler, Is Complete"
X86,Znver1Model,Znver2Model,0.0606,"Issue Width, MicroOp Buffer Size, Loop MicroOp Buffer Size, Load Latency, High Latency, Mispredict Penalty, Post RA Scheduler, Is Complete"
X86,Znver2Model,Znver1Model,0.0606,"Issue Width, MicroOp Buffer Size, Loop MicroOp Buffer Size, Load Latency, High Latency, Mispredict Penalty, Post RA Scheduler, Is Complete"
X86,SandyBridgeModel,BroadwellModel,0.1244,"Issue Width, MicroOp Buffer Size, Loop MicroOp Buffer Size, Load Latency, High Latency, Mispredict Penalty, Post RA Scheduler, Is Complete"
X86,IceLakeModel,SkylakeClientModel,0.2424,"Issue Width, MicroOp Buffer Size, Loop MicroOp Buffer Size, Load Latency, High Latency, Mispredict Penalty, Post RA Scheduler, Is Complete"
X86,GenericModel,GenericPostRAModel,0.3,"Issue Width, MicroOp Buffer Size, Loop MicroOp Buffer Size, Load Latency, High Latency, Mispredict Penalty, Post RA Scheduler, Is Complete"
X86,GenericPostRAModel,GenericModel,0.3,"Issue Width, MicroOp Buffer Size, Loop MicroOp Buffer Size, Load Latency, High Latency, Mispredict Penalty, Post RA Scheduler, Is Complete"
X86,Znver3Model,Znver4Model,0.3297,"Issue Width, MicroOp Buffer Size, Loop MicroOp Buffer Size, Load Latency, High Latency, Mispredict Penalty, Post RA Scheduler, Is Complete"
X86,Znver4Model,Znver3Model,0.3297,"Issue Width, MicroOp Buffer Size, Loop MicroOp Buffer Size, Load Latency, High Latency, Mispredict Penalty, Post RA Scheduler, Is Complete"
X86,C864GM8Model,Znver3Model,0.36,"Issue Width, MicroOp Buffer Size, Loop MicroOp Buffer Size, Load Latency, High Latency, Mispredict Penalty, Post RA Scheduler, Is Complete"
X86,BdVer2Model,Znver1Model,0.3799,"Issue Width, MicroOp Buffer Size, Loop MicroOp Buffer Size, Load Latency, High Latency, Mispredict Penalty, Post RA Scheduler, Is Complete"
X86,NoSchedModel,Znver2Model,0.4686,"Issue Width, MicroOp Buffer Size, Loop MicroOp Buffer Size, Load Latency, High Latency, Mispredict Penalty, Post RA Scheduler, Is Complete"
X86,AtomModel,SLMModel,0.4997,"Issue Width, MicroOp Buffer Size, Loop MicroOp Buffer Size, Load Latency, High Latency, Mispredict Penalty, Post RA Scheduler, Is Complete"
X86,SLMModel,AtomModel,0.4997,"Issue Width, MicroOp Buffer Size, Loop MicroOp Buffer Size, Load Latency, High Latency, Mispredict Penalty, Post RA Scheduler, Is Complete"
X86,BtVer2Model,BroadwellModel,0.678,"Issue Width, MicroOp Buffer Size, Loop MicroOp Buffer Size, Load Latency, High Latency, Mispredict Penalty, Post RA Scheduler, Is Complete"
X86,LunarlakePModel,AlderlakePModel,1.1598,"Issue Width, MicroOp Buffer Size, Loop MicroOp Buffer Size, Load Latency, High Latency, Mispredict Penalty, Post RA Scheduler, Is Complete"
