Model Name,Issue Width,MicroOp Buffer Size,Loop MicroOp Buffer Size,Load Latency,High Latency,Mispredict Penalty,Post RA Scheduler,Is Complete
Andes45Model,2,0,-1,2,-1,5,0,0
GenericOOOModel,6,192,-1,4,-1,8,0,0
MIPSP8700Model,4,96,-1,4,-1,8,0,0
NoSchedModel,-1,-1,-1,-1,-1,-1,0,0
RocketModel,1,0,-1,3,-1,3,0,0
SiFive7VLEN1024X300Model,2,0,-1,3,-1,3,0,0
SiFive7VLEN128X100Model,2,0,-1,3,-1,3,0,0
SiFive7VLEN512Model,2,0,-1,3,-1,3,0,0
SiFiveP400Model,3,96,-1,4,-1,9,0,0
SiFiveP500Model,3,96,-1,4,-1,9,0,0
SiFiveP600Model,4,192,-1,4,-1,9,0,0
SiFiveP800Model,6,288,-1,4,-1,9,0,0
SpacemitX100Model,4,192,-1,3,-1,9,0,0
SpacemitX60Model,2,0,-1,3,-1,9,0,0
SyntacoreSCR1Model,1,0,-1,2,-1,3,0,0
SyntacoreSCR3RV32Model,1,0,-1,2,-1,3,0,0
SyntacoreSCR3RV64Model,1,0,-1,2,-1,3,0,0
SyntacoreSCR4RV32Model,1,0,-1,2,-1,3,0,0
SyntacoreSCR4RV64Model,1,0,-1,2,-1,3,0,0
SyntacoreSCR5RV32Model,1,0,-1,3,-1,3,0,0
SyntacoreSCR5RV64Model,1,0,-1,3,-1,3,0,0
SyntacoreSCR7Model,2,36,-1,3,-1,9,0,0
TTAscalonXModel,8,256,-1,4,-1,14,0,0
XiangShanNanHuModel,6,256,48,4,-1,11,0,0
